자치구,법정동,주거점수,교통점수,치안점수,생활점수,가장가까운역,거리_km,Unnamed: 0,평균소음(dB),공원수,병의원수,점포수,위도,경도
중랑구,신내동,0.648106346,0.811565864,0.777256816,0.460469897,신내,0.310535533,24,47.04337947,108,640,14,37.61260287301914,127.10080910608409
중랑구,중화동,0.630572119,0.787643768,0.777256816,0.460469897,중화,0.252998269,24,47.04337947,108,640,14,37.60050154630933,127.07814697591073
중랑구,상봉동,0.604608837,0.737901567,0.777256816,0.460469897,상봉,0.335297166,24,47.04337947,108,640,14,37.59847710042048,127.0871206825788
중랑구,망우동,0.632566069,0.461573487,0.777256816,0.460469897,신내,1.451819403,24,47.04337947,108,640,14,37.59958767299525,127.1063289111882
중랑구,묵동,0.631342056,0.742417184,0.777256816,0.460469897,먹골,0.291457512,24,47.04337947,108,640,14,37.61271322824592,127.0797417534168
중랑구,면목동,0.626890333,0.798886619,0.777256816,0.460469897,사가정,0.174409229,24,47.04337947,108,640,14,37.582376203370096,127.08921883852842
도봉구,방학동,0.636567225,0.466481712,0.750632385,0.349578815,쌍문,1.910464648,9,47.34564681,81,413,8,37.66528379988991,127.0310645154217
도봉구,창동,0.614546413,0.686087608,0.750632385,0.349578815,창동,0.628582986,9,47.34564681,81,413,8,37.64774603131141,127.04406507195114
도봉구,도봉동,0.624170038,0.166063234,0.750632385,0.349578815,도봉산,1.599365191,9,47.34564681,81,413,8,37.68484909907414,127.02923455286104
도봉구,쌍문동,0.623631028,0.583618807,0.750632385,0.349578815,쌍문,0.855278235,9,47.34564681,81,413,8,37.65335779504591,127.02709753032153
광진구,광장동,0.621398708,0.762388648,0.743992997,0.327236178,광나루,0.301383425,5,47.64320912,68,643,12,37.54783306507074,127.10471008683704
광진구,능동,0.604813646,0.576887586,0.743992997,0.327236178,어린이대공원,0.690453168,5,47.64320912,68,643,12,37.550579426445054,127.0817382032338
광진구,구의동,0.608305424,0.597744279,0.743992997,0.327236178,아차산,0.890262713,5,47.64320912,68,643,12,37.54441002495377,127.09284951513963
광진구,군자동,0.604780925,0.711332051,0.743992997,0.327236178,어린이대공원,0.569897769,5,47.64320912,68,643,12,37.55303739209482,127.07367204366176
광진구,자양동,0.598013989,0.64681256,0.743992997,0.327236178,뚝섬유원지,0.690523849,5,47.64320912,68,643,12,37.53169641843212,127.074524470634
광진구,화양동,0.578448334,0.722562491,0.743992997,0.327236178,건대입구,0.321127726,5,47.64320912,68,643,12,37.54323208852093,127.0732226236489
광진구,중곡동,0.621706301,0.691640762,0.743992997,0.327236178,중곡,0.4746393,5,47.64320912,68,643,12,37.56353621035611,127.08878706575214
양천구,신정동,0.595288034,0.679943404,0.742763003,0.561959282,광흥창,0.51123157,18,46.26312821,121,743,20,37.5430168110661,126.93046415262096
양천구,신정동,0.595288034,0.679943404,0.742763003,0.561959282,광흥창,0.51123157,18,46.26312821,121,743,20,37.51519424032803,126.85571974126518
양천구,신정동,0.595288034,0.679943404,0.742763003,0.561959282,신정네거리,0.612614295,18,46.26312821,121,743,20,37.5430168110661,126.93046415262096
양천구,신정동,0.595288034,0.679943404,0.742763003,0.561959282,신정네거리,0.612614295,18,46.26312821,121,743,20,37.51519424032803,126.85571974126518
양천구,목동,0.613133147,0.469197639,0.742763003,0.561959282,오목교,1.275887164,18,46.26312821,121,743,20,37.53604507597967,126.87452122864993
양천구,신월동,0.623107103,0.420194492,0.742763003,0.561959282,까치산,1.237750322,18,46.26312821,121,743,20,37.52660665026965,126.8343205136667
성동구,금호동3가,0.591988648,0.785282457,0.740244738,0.432791358,금호,0.378909715,15,46.91429396,105,546,8,37.54989242852152,127.01955706092468
성동구,금호동2가,0.556666503,0.823351267,0.740244738,0.432791358,신금호,0.162504859,15,46.91429396,105,546,8,37.5530398650663,127.02041485850224
성동구,금호동1가,0.587440439,0.748899424,0.740244738,0.432791358,신금호,0.419003074,15,46.91429396,105,546,8,37.55356067740617,127.02499448902086
성동구,용답동,0.591259352,0.844032213,0.740244738,0.432791358,신답,0.001043708,15,46.91429396,105,546,8,37.561467128384194,127.0563592486966
성동구,사근동,0.584898614,0.714232229,0.740244738,0.432791358,한양대,0.444698918,15,46.91429396,105,546,8,37.558907810269965,127.04760043230634
성동구,하왕십리동,0.614853676,0.830762958,0.740244738,0.432791358,상왕십리,0.094269315,15,46.91429396,105,546,8,37.56398740181213,127.02802504531402
성동구,행당동,0.591179988,0.752111903,0.740244738,0.432791358,왕십리,0.394309252,15,46.91429396,105,546,8,37.55762720885321,127.0359886333188
성동구,옥수동,0.550488487,0.717618224,0.740244738,0.432791358,옥수,0.302626394,15,46.91429396,105,546,8,37.5408875721585,127.0205895851984
성동구,성수동1가,0.518680137,0.808713784,0.740244738,0.432791358,뚝섬,0.567163968,15,46.91429396,105,546,8,37.54361034495203,127.04282053980631
성동구,송정동,0.594687417,0.467627584,0.740244738,0.432791358,장한평,0.943272654,15,46.91429396,105,546,8,37.55317972635092,127.06207886447343
성동구,마장동,0.605319451,0.764619769,0.740244738,0.432791358,마장,0.240411105,15,46.91429396,105,546,8,37.56736423755254,127.04074268574004
성동구,상왕십리동,0.592351161,0.726179011,0.740244738,0.432791358,신당,0.562750217,15,46.91429396,105,546,8,37.56845707904929,127.02481825521016
성동구,성수동2가,0.578038522,0.70303114,0.740244738,0.432791358,성수,0.441227132,15,46.91429396,105,546,8,37.54068671917899,127.05663622922522
성동구,홍익동,0.608082702,0.765877401,0.740244738,0.432791358,상왕십리,0.378110698,15,46.91429396,105,546,8,37.566490898337136,127.0323485211366
성동구,도선동,0.58814224,0.767297225,0.740244738,0.432791358,왕십리,0.341292076,15,46.91429396,105,546,8,37.56381115234525,127.03355003164656
성동구,응봉동,0.597832137,0.824785862,0.740244738,0.432791358,행당,0.807608699,15,46.91429396,105,546,8,37.55088717872728,127.03380808338515
성동구,금호동4가,0.562702523,0.678844645,0.740244738,0.432791358,옥수,0.749401748,15,46.91429396,105,546,8,37.54546589675233,127.0243014317816
성북구,하월곡동,0.626268287,0.753569523,0.731130047,0.539094027,월곡,0.359865073,16,46.61146533,123,621,19,37.60468164340092,127.03935668514944
성북구,삼선동3가,0.644701867,0.712201736,0.731130047,0.539094027,보문,0.574402601,16,46.61146533,123,621,19,37.58654322769411,127.01306625873292
성북구,삼선동1가,0.639517738,0.683552653,0.731130047,0.539094027,한성대입구,0.397784265,16,46.61146533,123,621,19,37.58491319088448,127.00789331330364
성북구,길음동,0.624237056,0.675867023,0.731130047,0.539094027,길음,0.574750897,16,46.61146533,123,621,19,37.60859157786493,127.02214219949228
성북구,석관동,0.628529351,0.63779036,0.731130047,0.539094027,돌곶이,0.512341641,16,46.61146533,123,621,19,37.60826585630176,127.06148126152796
성북구,성북동,0.605231052,0.382806405,0.731130047,0.539094027,한성대입구,1.569003117,16,46.61146533,123,621,19,37.59724489574425,126.99291235972596
성북구,돈암동,0.628084964,0.67652486,0.731130047,0.539094027,성신여대입구,0.562486079,16,46.61146533,123,621,19,37.59779437434217,127.01827868108494
성북구,장위동,0.637839308,0.578450128,0.731130047,0.539094027,돌곶이,0.775550407,16,46.61146533,123,621,19,37.61521893267884,127.0499154925549
성북구,안암동4가,0.615780697,0.724369957,0.731130047,0.539094027,신설동,0.5073386,16,46.61146533,123,621,19,37.580687960074975,127.02466652651518
성북구,종암동,0.616230669,0.635872126,0.731130047,0.539094027,고려대,0.786532348,16,46.61146533,123,621,19,37.5971739787968,127.0339033111301
성북구,정릉동,0.626936947,0.549307758,0.731130047,0.539094027,길음,2.757697205,16,46.61146533,123,621,19,37.61558770789689,126.99766768303196
성북구,성북동1가,0.630604179,0.757801658,0.731130047,0.539094027,한성대입구,0.297714255,16,46.61146533,123,621,19,37.58952569121407,127.0037030967678
성북구,상월곡동,0.618161698,0.831543119,0.731130047,0.539094027,상월곡,0.069404232,16,46.61146533,123,621,19,37.60617019263941,127.04777410287504
성북구,동선동5가,0.598381802,0.73971101,0.731130047,0.539094027,성신여대입구,0.393431,16,46.61146533,123,621,19,37.59628661418045,127.0166692597783
성북구,삼선동2가,0.628302622,0.69756531,0.731130047,0.539094027,창신,0.569827452,16,46.61146533,123,621,19,37.58387958596006,127.01137577868384
성북구,동선동3가,0.611716382,0.730027806,0.731130047,0.539094027,성신여대입구,0.321858837,16,46.61146533,123,621,19,37.59393207417445,127.02068357618006
성북구,동선동4가,0.609480566,0.741829833,0.731130047,0.539094027,성신여대입구,0.291052385,16,46.61146533,123,621,19,37.59519641144902,127.0186241720943
성북구,동소문동4가,0.607552219,0.696159761,0.731130047,0.539094027,한성대입구,0.509350927,16,46.61146533,123,621,19,37.591757082881074,127.01065605324958
성북구,안암동5가,0.573764454,0.733984069,0.731130047,0.539094027,안암,0.250288922,16,46.61146533,123,621,19,37.58845695402687,127.0283853163227
성북구,보문동7가,0.609415687,0.766602353,0.731130047,0.539094027,신설동,0.455114732,16,46.61146533,123,621,19,37.57977368521093,127.02237849981132
성북구,동선동2가,0.604438369,0.761461563,0.731130047,0.539094027,성신여대입구,0.373684717,16,46.61146533,123,621,19,37.590179030520176,127.02002168879928
성북구,동소문동3가,0.609129946,0.742910983,0.731130047,0.539094027,한성대입구,0.455804502,16,46.61146533,123,621,19,37.59038714875386,127.01125345744262
성북구,보문동4가,0.592169102,0.789124883,0.731130047,0.539094027,보문,0.316849084,16,46.61146533,123,621,19,37.582918036038485,127.0213675406412
성북구,보문동6가,0.6249379,0.710989028,0.731130047,0.539094027,창신,0.326901307,16,46.61146533,123,621,19,37.580391243961664,127.01886415225356
성북구,삼선동5가,0.61395319,0.729590171,0.731130047,0.539094027,보문,0.474819353,16,46.61146533,123,621,19,37.58854082989076,127.01587788319604
성북구,보문동2가,0.603056969,0.830867248,0.731130047,0.539094027,보문,0.113543732,16,46.61146533,123,621,19,37.58575727908645,127.01823148071124
성북구,안암동1가,0.616331156,0.755581139,0.731130047,0.539094027,보문,0.449045676,16,46.61146533,123,621,19,37.58870610610021,127.02210702282144
성북구,보문동3가,0.653097098,0.739429539,0.731130047,0.539094027,보문,0.304306329,16,46.61146533,123,621,19,37.58396379545761,127.01636366412706
성북구,동소문동2가,0.562467197,0.811664969,0.731130047,0.539094027,한성대입구,0.138933191,16,46.61146533,123,621,19,37.58872065981654,127.00826467875724
성북구,보문동1가,0.645432188,0.825607347,0.731130047,0.539094027,보문,0.136200637,16,46.61146533,123,621,19,37.58649816491943,127.01966763983408
성북구,보문동5가,0.605939574,0.787162746,0.731130047,0.539094027,보문,0.327293016,16,46.61146533,123,621,19,37.58239846656773,127.02008517362827
성북구,동선동1가,0.565831159,0.81728197,0.731130047,0.539094027,성신여대입구,0.094791637,16,46.61146533,123,621,19,37.59231397649097,127.01823581327017
성북구,안암동3가,0.596188724,0.727216534,0.731130047,0.539094027,보문,0.399877782,16,46.61146533,123,621,19,37.5835463661587,127.02333672057853
성북구,동소문동7가,0.646294012,0.745938146,0.731130047,0.539094027,성신여대입구,0.481271221,16,46.61146533,123,621,19,37.59632606158917,127.01419803005746
성북구,삼선동4가,0.610566225,0.736133677,0.731130047,0.539094027,성신여대입구,0.478852832,16,46.61146533,123,621,19,37.5900247723748,127.01316772656968
성북구,동소문동5가,0.595033554,0.799313112,0.731130047,0.539094027,성신여대입구,0.21397358,16,46.61146533,123,621,19,37.591639359969065,127.01538660308722
성북구,동소문동1가,0.627479143,0.787222933,0.731130047,0.539094027,한성대입구,0.189666175,16,46.61146533,123,621,19,37.59003932868729,127.0072643778981
성북구,안암동2가,0.607316086,0.773780935,0.731130047,0.539094027,보문,0.380846429,16,46.61146533,123,621,19,37.58690018571313,127.023186719026
성북구,동소문동6가,0.5979683,0.777017678,0.731130047,0.539094027,성신여대입구,0.284649924,16,46.61146533,123,621,19,37.593531553419766,127.01425562146368
은평구,대조동,0.64384514,0.711862225,0.728274068,0.49629654,구산,0.533993605,21,47.78488318,136,786,16,37.61225614369351,126.92315285156278
은평구,증산동,0.63838929,0.525549916,0.728274068,0.49629654,증산,0.338023672,21,47.78488318,136,786,16,37.58416821529696,126.9059646394974
은평구,응암동,0.627610139,0.628372419,0.728274068,0.49629654,응암,0.849786634,21,47.78488318,136,786,16,37.59383547264616,126.92312542934742
은평구,불광동,0.619854523,0.720531625,0.728274068,0.49629654,독바위,0.239103349,21,47.78488318,136,786,16,37.61915589025829,126.93557718133523
은평구,신사동,0.625210584,0.645590653,0.728274068,0.49629654,새절,0.752380982,21,47.78488318,136,786,16,37.59561354732575,126.90720337486314
은평구,신사동,0.625210584,0.645590653,0.728274068,0.49629654,새절,0.752380982,21,47.78488318,136,786,16,37.523806395144106,127.02650228132532
은평구,신사동,0.625210584,0.645590653,0.728274068,0.49629654,압구정,0.316236824,21,47.78488318,136,786,16,37.59561354732575,126.90720337486314
은평구,신사동,0.625210584,0.645590653,0.728274068,0.49629654,압구정,0.316236824,21,47.78488318,136,786,16,37.523806395144106,127.02650228132532
은평구,수색동,0.641263433,0.639380679,0.728274068,0.49629654,디지털미디어시티,1.017522438,21,47.78488318,136,786,16,37.58557347752829,126.89454625555076
은평구,진관동,0.655075025,0.320426676,0.728274068,0.49629654,구파발,1.710881065,21,47.78488318,136,786,16,37.639677186704354,126.93782396643677
은평구,갈현동,0.625801747,0.666465555,0.728274068,0.49629654,연신내,0.694548802,21,47.78488318,136,786,16,37.6215428940638,126.9135786903118
은평구,녹번동,0.629311353,0.73153312,0.728274068,0.49629654,녹번,0.502258216,21,47.78488318,136,786,16,37.60530968966606,126.93458302548032
은평구,구산동,0.64372826,0.591119774,0.728274068,0.49629654,구산,0.877381881,21,47.78488318,136,786,16,37.61107267050591,126.9073107706102
은평구,역촌동,0.624299663,0.659343229,0.728274068,0.49629654,응암,0.669917305,21,47.78488318,136,786,16,37.60457760613958,126.9146253282962
구로구,천왕동,0.712192639,0.656642899,0.711308803,0.47487248,천왕,0.658432532,6,47.33544362,114,648,18,37.48083582666148,126.83981905728568
구로구,고척동,0.644452682,0.578616187,0.711308803,0.47487248,양천구청,1.146950004,6,47.33544362,114,648,18,37.5031682278556,126.8588754977167
구로구,궁동,0.635998791,0.531992058,0.711308803,0.47487248,온수,1.038165687,6,47.33544362,114,648,18,37.50043290712402,126.82852544750592
구로구,항동,0.682832583,0.49899842,0.711308803,0.47487248,온수,1.228780996,6,47.33544362,114,648,18,37.48103637559249,126.82459696303658
구로구,가리봉동,0.646618549,0.753730581,0.711308803,0.47487248,남구로,0.390790608,6,47.33544362,114,648,18,37.48270011593635,126.888037545387
구로구,신도림동,0.611199351,0.729898701,0.711308803,0.47487248,도림천,0.535349049,6,47.33544362,114,648,18,37.50994606289345,126.88218515225309
구로구,구로동,0.611039331,0.610835263,0.711308803,0.47487248,남구로,0.924891268,6,47.33544362,114,648,18,37.49423489296112,126.88468640322137
구로구,오류동,0.633145708,0.675707927,0.711308803,0.47487248,천왕,0.58757143,6,47.33544362,114,648,18,37.49199194709521,126.83854752389854
구로구,개봉동,0.663440475,0.702128186,0.711308803,0.47487248,천왕,1.439618741,6,47.33544362,114,648,18,37.49422506784103,126.85194221069509
구로구,온수동,0.611333333,0.707818359,0.711308803,0.47487248,온수,0.331103151,6,47.33544362,114,648,18,37.49414446483049,126.82061672217635
강북구,번동,0.60797739,0.578020453,0.693696806,0.381162524,미아,0.979834772,2,47.38917584,87,526,12,37.629044512919776,127.03675485617644
강북구,우이동,0.64176267,0.298676539,0.693696806,0.381162524,쌍문,3.42132617,2,47.38917584,87,526,12,37.66328756591152,127.00051823221486
강북구,미아동,0.630368781,0.719660119,0.693696806,0.381162524,미아,0.625208893,2,47.38917584,87,526,12,37.6210994912115,127.02387971077648
강북구,수유동,0.619267664,0.617601305,0.693696806,0.381162524,수유,1.537935981,2,47.38917584,87,526,12,37.63832683379476,127.0073719312654
강동구,강일동,0.664065101,0.464018994,0.685996589,0.207030032,강일,1.28599058,1,52.37950359,131,1010,9,37.56891630880583,127.17338315535169
강동구,성내동,0.62004277,0.664729918,0.685996589,0.207030032,강동,0.666110661,1,52.37950359,131,1010,9,37.53049395612965,127.12899207397126
강동구,암사동,0.623428745,0.729726592,0.685996589,0.207030032,암사,0.907834415,1,52.37950359,131,1010,9,37.557805152550095,127.13106286025496
강동구,명일동,0.608850311,0.673397731,0.685996589,0.207030032,명일,0.651936534,1,52.37950359,131,1010,9,37.549053712874695,127.15081001568744
강동구,둔촌동,0.628700893,0.748541288,0.685996589,0.207030032,둔촌동,0.753935654,1,52.37950359,131,1010,9,37.5282638074805,127.14472738121984
강동구,길동,0.61018325,0.694888717,0.685996589,0.207030032,길동,0.545977203,1,52.37950359,131,1010,9,37.539616143314376,127.14592926437038
강동구,천호동,0.61140109,0.675782094,0.685996589,0.207030032,암사,0.638385398,1,52.37950359,131,1010,9,37.54437582650196,127.1276314162956
강동구,상일동,0.646164281,0.645334589,0.685996589,0.207030032,상일동,0.686106898,1,52.37950359,131,1010,9,37.55110306928757,127.16964004585304
강동구,고덕동,0.610377179,0.487681367,0.685996589,0.207030032,고덕,1.041266281,1,52.37950359,131,1010,9,37.56382215039535,127.15823030715546
동대문구,전농동,0.602938957,0.634629095,0.68505535,0.484891892,청량리,0.941111854,10,45.90028121,92,690,13,37.57974738784253,127.05570547039672
동대문구,신설동,0.574474398,0.833716477,0.68505535,0.484891892,신설동,0.048038798,10,45.90028121,92,690,13,37.57494375232369,127.02556084294348
동대문구,회기동,0.623738352,0.679021004,0.68505535,0.484891892,월곡,1.264501265,10,45.90028121,92,690,13,37.59373580260574,127.05145339333636
동대문구,휘경동,0.606293763,0.644159638,0.68505535,0.484891892,청량리,1.937848728,10,45.90028121,92,690,13,37.5882135809774,127.06452147005574
동대문구,제기동,0.58466159,0.676415916,0.68505535,0.484891892,제기동,0.661193493,10,45.90028121,92,690,13,37.58377512547564,127.0372405731706
동대문구,용두동,0.598217939,0.750959987,0.68505535,0.484891892,제기동,0.27124548,10,45.90028121,92,690,13,37.57572085083181,127.03429169495902
동대문구,답십리동,0.620459014,0.683694837,0.68505535,0.484891892,답십리,0.585838304,10,45.90028121,92,690,13,37.571019468796806,127.0566987751418
동대문구,이문동,0.617140532,0.724251176,0.68505535,0.484891892,돌곶이,1.367823036,10,45.90028121,92,690,13,37.599461154392046,127.06325022096844
동대문구,장안동,0.620348555,0.527351627,0.68505535,0.484891892,장한평,1.08484917,10,45.90028121,92,690,13,37.57020728656524,127.0700247305604
동대문구,청량리동,0.625874954,0.602855063,0.68505535,0.484891892,고려대,0.815612003,10,45.90028121,92,690,13,37.58879611079304,127.04528866034124
노원구,하계동,0.603396654,0.719013481,0.679982193,0.65224939,하계,0.422820637,8,46.92384333,186,844,14,37.637644639316335,127.07251019089958
노원구,중계동,0.599929633,0.495374734,0.679982193,0.65224939,상계,1.219227187,8,46.92384333,186,844,14,37.65101314615502,127.07999839289248
노원구,공릉동,0.614210748,0.341343623,0.679982193,0.65224939,화랑대,1.327169105,8,46.92384333,186,844,14,37.63049643200661,127.09101185865042
노원구,월계동,0.607198493,0.710569748,0.679982193,0.65224939,하계,1.341493258,8,46.92384333,186,844,14,37.62824430912774,127.0567402409852
노원구,상계동,0.603303712,0.461096881,0.679982193,0.65224939,당고개,0.807215156,8,46.92384333,186,844,14,37.672993387478456,127.07033803967576
동작구,사당동,0.612925297,0.821695868,0.659665693,0.269918731,남성,0.14862786,11,49.02533609,87,678,6,37.48562270132134,126.9723114287588
동작구,동작동,0.632044921,0.576808486,0.659665693,0.269918731,동작,0.736847133,11,49.02533609,87,678,6,37.49921744714042,126.9738753164937
동작구,흑석동,0.634632628,0.727728457,0.659665693,0.269918731,숭실대입구,1.280914471,11,49.02533609,87,678,6,37.50549296490538,126.9623371207799
동작구,신대방동,0.619561829,0.749759354,0.659665693,0.269918731,신대방,0.667200566,11,49.02533609,87,678,6,37.49267400447332,126.91719140519372
동작구,노량진동,0.609188847,0.754241762,0.659665693,0.269918731,장승배기,0.788024265,11,49.02533609,87,678,6,37.51156998948279,126.94188376696178
동작구,상도동,0.623686665,0.698489229,0.659665693,0.269918731,상도,0.567717084,11,49.02533609,87,678,6,37.49870777145961,126.94408026840898
동작구,대방동,0.611403539,0.720766567,0.659665693,0.269918731,신대방삼거리,0.795110529,11,49.02533609,87,678,6,37.50687904414306,126.92800839767288
동작구,본동,0.633267853,0.831990784,0.659665693,0.269918731,상도,1.184833111,11,49.02533609,87,678,6,37.512447797342,126.95365895650696
동작구,상도1동,0.604083198,0.767933716,0.659665693,0.269918731,상도,0.244091307,11,49.02533609,87,678,6,37.50327447535337,126.95064171787246
금천구,시흥동,0.624463803,0.414052107,0.654187351,0.420758976,구로디지털단지,3.981064474,7,45.5174216,55,406,15,37.44953060467288,126.9092898030286
금천구,가산동,0.605842262,0.738194496,0.654187351,0.420758976,가산디지털단지,0.420536219,7,45.5174216,55,406,15,37.47668485670152,126.883777936767
금천구,독산동,0.613343666,0.616861069,0.654187351,0.420758976,구로디지털단지,1.982747042,7,45.5174216,55,406,15,37.46747651015774,126.89829737580888
서대문구,미근동,0.577215741,0.789488914,0.654052683,0.388343345,서대문,0.280016766,13,48.58337668,125,499,9,37.5633451293723,126.96730347904472
서대문구,천연동,0.60239285,0.679647572,0.654052683,0.388343345,서대문,0.677468715,13,48.58337668,125,499,9,37.56790609249512,126.95943608282532
서대문구,영천동,0.633133554,0.700645653,0.654052683,0.388343345,독립문,0.470325045,13,48.58337668,125,499,9,37.57029920371394,126.95770817665678
서대문구,연희동,0.596973839,0.373325089,0.654052683,0.388343345,홍대입구,1.875439957,13,48.58337668,125,499,9,37.57198189631379,126.93282807088148
서대문구,충정로3가,0.631610782,0.782781518,0.654052683,0.388343345,충정로,0.239401805,13,48.58337668,125,499,9,37.56211703379872,126.96196369647596
서대문구,창천동,0.570894881,0.72411311,0.654052683,0.388343345,신촌,0.459219588,13,48.58337668,125,499,9,37.558698660015565,126.9342113022652
서대문구,북아현동,0.612801912,0.706026766,0.654052683,0.388343345,아현,0.576114034,13,48.58337668,125,499,9,37.56241985883317,126.95438651176944
서대문구,옥천동,0.594206072,0.680260941,0.654052683,0.388343345,독립문,0.58536163,13,48.58337668,125,499,9,37.56935096748271,126.95912790474202
서대문구,북가좌동,0.629570981,0.518887181,0.654052683,0.388343345,증산,0.587847342,13,48.58337668,125,499,9,37.57881009929908,126.91117944017776
서대문구,홍제동,0.630689046,0.704339739,0.654052683,0.388343345,홍제,0.472186138,13,48.58337668,125,499,9,37.58707692215357,126.94895120262883
서대문구,냉천동,0.620826927,0.751325931,0.654052683,0.388343345,서대문,0.389080233,13,48.58337668,125,499,9,37.566814025237264,126.96241874944393
서대문구,남가좌동,0.623858183,0.617392408,0.654052683,0.388343345,증산,1.260078574,13,48.58337668,125,499,9,37.57562240956302,126.91942788004724
서대문구,충정로2가,0.611191695,0.814451849,0.654052683,0.388343345,서대문,0.242173507,13,48.58337668,125,499,9,37.56485394938629,126.96417623890216
서대문구,합동,0.574268183,0.777102673,0.654052683,0.388343345,충정로,0.249549035,13,48.58337668,125,499,9,37.56158642805726,126.966070309143
서대문구,현저동,0.598460892,0.731863898,0.654052683,0.388343345,독립문,0.350969326,13,48.58337668,125,499,9,37.5737715762933,126.95404617651778
서대문구,대신동,0.593979667,0.700830962,0.654052683,0.388343345,이대,0.842627129,13,48.58337668,125,499,9,37.56422013022929,126.94430954681428
서대문구,대현동,0.562530561,0.691820525,0.654052683,0.388343345,이대,0.409943256,13,48.58337668,125,499,9,37.56041264750166,126.9463137375267
서대문구,봉원동,0.627329449,0.523494828,0.654052683,0.388343345,독립문,0.992375176,13,48.58337668,125,499,9,37.572631130085696,126.94692558164054
서대문구,홍은동,0.629817153,0.625957847,0.654052683,0.388343345,홍제,0.67257912,13,48.58337668,125,499,9,37.59302610410617,126.93857245264095
서대문구,신촌동,0.576704507,0.602112565,0.654052683,0.388343345,이대,1.055632998,13,48.58337668,125,499,9,37.56554457131325,126.94139621891009
관악구,신림동,0.621081179,0.517816202,0.620519914,0.582141544,봉천,2.19964136,4,46.53596452,134,788,21,37.46320090944869,126.93580425569942
관악구,봉천동,0.615523246,0.73788241,0.620519914,0.582141544,서울대입구,0.367401536,4,46.53596452,134,788,21,37.477975709081,126.95348553161476
관악구,남현동,0.609371982,0.329777676,0.620519914,0.582141544,남태령,1.001092669,4,46.53596452,134,788,21,37.464111845358,126.97776866623738
강서구,외발산동,0.603047889,0.417162298,0.600652163,0.55617809,우장산,1.488535173,3,47.89957567,174,1050,9,37.54708790233849,126.8196337879755
강서구,오쇠동,0.618680766,0.133917124,0.600652163,0.55617809,김포공항,2.095552574,3,47.89957567,174,1050,9,37.54347724379539,126.79793352945327
강서구,등촌동,0.605284492,0.664954811,0.600652163,0.55617809,우장산,1.709976157,3,47.89957567,174,1050,9,37.55456464872584,126.85430801747084
강서구,과해동,0.618680766,0.236091651,0.600652163,0.55617809,김포공항,1.25032168,3,47.89957567,174,1050,9,37.56562497063484,126.7878030794072
강서구,염창동,0.617185243,0.679310441,0.600652163,0.55617809,월드컵경기장,2.923570178,3,47.89957567,174,1050,9,37.5545497170378,126.87178037081767
강서구,화곡동,0.618665176,0.647411276,0.600652163,0.55617809,화곡,0.611945234,3,47.89957567,174,1050,9,37.54069969120482,126.84727042313142
강서구,내발산동,0.655357147,0.669625193,0.600652163,0.55617809,우장산,0.48324884,3,47.89957567,174,1050,9,37.552491308309705,126.833304998532
강서구,가양동,0.579726084,0.625593359,0.600652163,0.55617809,마곡,2.223900448,3,47.89957567,174,1050,9,37.567889543923634,126.85105906280285
강서구,방화동,0.605737909,0.782154593,0.600652163,0.55617809,방화,0.208092898,3,47.89957567,174,1050,9,37.57589605672396,126.81358827321614
강서구,개화동,0.670777587,0.480315257,0.600652163,0.55617809,방화,1.327992319,3,47.89957567,174,1050,9,37.58711485846057,126.80359343175492
강서구,공항동,0.607542685,0.572818585,0.600652163,0.55617809,송정,0.876081776,3,47.89957567,174,1050,9,37.55391822040743,126.80893306573871
강서구,오곡동,0.618680766,0.0,0.600652163,0.55617809,김포공항,1.780736988,3,47.89957567,174,1050,9,37.55295557859828,126.78477433147653
강서구,마곡동,0.623483447,0.767455575,0.600652163,0.55617809,마곡,0.750537763,3,47.89957567,174,1050,9,37.56864971065266,126.82941016120886
송파구,마천동,0.631197829,0.719438714,0.590472378,0.649192538,마천,0.39012957,17,47.42608149,174,1442,22,37.49848700274633,127.15275233721462
송파구,가락동,0.608274109,0.732447649,0.590472378,0.649192538,가락시장,0.297927187,17,47.42608149,174,1442,22,37.49568647949785,127.1184045719614
송파구,송파동,0.617230749,0.687174323,0.590472378,0.649192538,석촌,0.580207119,17,47.42608149,174,1442,22,37.50510764694992,127.11354700996122
송파구,방이동,0.602456257,0.659593402,0.590472378,0.649192538,올림픽공원,0.495923643,17,47.42608149,174,1442,22,37.51567458179742,127.12538891053164
송파구,장지동,0.64974001,0.681398431,0.590472378,0.649192538,장지,0.550966442,17,47.42608149,174,1442,22,37.47687263623475,127.1320645516034
송파구,신천동,0.594532115,0.571813692,0.590472378,0.649192538,잠실새내,0.550059746,17,47.42608149,174,1442,22,37.52392367378441,127.09897869224471
송파구,석촌동,0.612229216,0.661063323,0.590472378,0.649192538,석촌,0.49481356,17,47.42608149,174,1442,22,37.50272627940548,127.1025131530516
송파구,오금동,0.659730319,0.705008249,0.590472378,0.649192538,오금,0.53684181,17,47.42608149,174,1442,22,37.504005089695326,127.13401994450813
송파구,풍납동,0.631856265,0.619303832,0.590472378,0.649192538,강동구청,0.653526638,17,47.42608149,174,1442,22,37.53320689475231,127.1139971246717
송파구,문정동,0.610007123,0.809095089,0.590472378,0.649192538,문정,0.039151267,17,47.42608149,174,1442,22,37.485585062725534,127.12255961872516
송파구,삼전동,0.625412972,0.702571764,0.590472378,0.649192538,석촌,1.390921045,17,47.42608149,174,1442,22,37.50190209584152,127.09188805923844
송파구,거여동,0.633169692,0.71356151,0.590472378,0.649192538,거여,0.396269997,17,47.42608149,174,1442,22,37.4897270349329,127.1449797575671
송파구,잠실동,0.580486454,0.646582477,0.590472378,0.649192538,종합운동장,0.868467449,17,47.42608149,174,1442,22,37.51196285005209,127.0833905614688
서초구,염곡동,0.640182046,0.319024115,0.584092453,0.530739004,매봉,2.669459435,14,50.18770666,180,1726,25,37.46367014678085,127.05365098499308
서초구,우면동,0.645639985,0.232711096,0.584092453,0.530739004,남부터미널,2.114436152,14,50.18770666,180,1726,25,37.4659344662013,127.01794453498684
서초구,방배동,0.608808459,0.724779088,0.584092453,0.530739004,방배,0.455132387,14,50.18770666,180,1726,25,37.479493633972645,126.99311761808664
서초구,내곡동,0.663859015,0.169959816,0.584092453,0.530739004,일원,2.93117894,14,50.18770666,180,1726,25,37.45815029873033,127.07674072884794
서초구,반포동,0.537473748,0.77508563,0.584092453,0.530739004,고속터미널,0.383209525,14,50.18770666,180,1726,25,37.503964469600135,127.00076346395387
서초구,원지동,0.68966014,0.453938221,0.584092453,0.530739004,양재,4.74090662,14,50.18770666,180,1726,25,37.44332130467888,127.048628925486
서초구,신원동,0.616283815,0.527303527,0.584092453,0.530739004,일원,4.828230173,14,50.18770666,180,1726,25,37.44407482999349,127.06216955476258
서초구,서초동,0.569439025,0.760606676,0.584092453,0.530739004,남부터미널,0.383976214,14,50.18770666,180,1726,25,37.48837508658891,127.01680551438535
서초구,잠원동,0.567236133,0.738953307,0.584092453,0.530739004,잠원,0.323619582,14,50.18770666,180,1726,25,37.51510288777191,127.00909173039284
서초구,양재동,0.602273964,0.775035029,0.584092453,0.530739004,양재,1.422942638,14,50.18770666,180,1726,25,37.47196988789401,127.03742154227986
마포구,신정동,0.595288034,0.682998052,0.583575014,0.494865264,광흥창,0.51123157,12,48.19061198,144,875,16,37.5430168110661,126.93046415262096
마포구,신정동,0.595288034,0.682998052,0.583575014,0.494865264,광흥창,0.51123157,12,48.19061198,144,875,16,37.51519424032803,126.85571974126518
마포구,신정동,0.595288034,0.682998052,0.583575014,0.494865264,신정네거리,0.612614295,12,48.19061198,144,875,16,37.5430168110661,126.93046415262096
마포구,신정동,0.595288034,0.682998052,0.583575014,0.494865264,신정네거리,0.612614295,12,48.19061198,144,875,16,37.51519424032803,126.85571974126518
마포구,하중동,0.640178392,0.697110717,0.583575014,0.494865264,광흥창,0.546670652,12,48.19061198,144,875,16,37.54370943076723,126.92796704322998
마포구,노고산동,0.567652853,0.817818614,0.583575014,0.494865264,신촌,0.115980014,12,48.19061198,144,875,16,37.55438892685368,126.93778540808133
마포구,아현동,0.58643334,0.818364426,0.583575014,0.494865264,애오개,0.109894551,12,48.19061198,144,875,16,37.554483168870576,126.95619098160418
마포구,당인동,0.575581911,0.6290912,0.583575014,0.494865264,상수,0.570850893,12,48.19061198,144,875,16,37.54260553490953,126.9220683572226
마포구,대흥동,0.581778689,0.660961252,0.583575014,0.494865264,대흥,0.239521645,12,48.19061198,144,875,16,37.54976000719489,126.94314080918812
마포구,현석동,0.606535866,0.624557177,0.583575014,0.494865264,광흥창,0.619357274,12,48.19061198,144,875,16,37.54222206993724,126.93437470769598
마포구,합정동,0.580338924,0.730269079,0.583575014,0.494865264,합정,0.46306902,12,48.19061198,144,875,16,37.5469756496043,126.9089871923488
마포구,토정동,0.591037119,0.660884018,0.583575014,0.494865264,마포,0.558829196,12,48.19061198,144,875,16,37.53891238163613,126.93980136747996
마포구,도화동,0.604289081,0.787072545,0.583575014,0.494865264,마포,0.354004546,12,48.19061198,144,875,16,37.53975919520583,126.95004821359832
마포구,연남동,0.605620142,0.700400308,0.583575014,0.494865264,홍대입구,0.721100471,12,48.19061198,144,875,16,37.5630232576771,126.9215285482878
마포구,공덕동,0.578185423,0.725826204,0.583575014,0.494865264,공덕,0.572763769,12,48.19061198,144,875,16,37.54811223592921,126.95498212606223
마포구,상암동,0.624058341,0.347935564,0.583575014,0.494865264,월드컵경기장,1.701315513,12,48.19061198,144,875,16,37.57072040787117,126.87988628167778
마포구,중동,0.62665782,0.683949578,0.583575014,0.494865264,월드컵경기장,0.671984703,12,48.19061198,144,875,16,37.57163083933767,126.90616767076928
마포구,염리동,0.587443895,0.673765571,0.583575014,0.494865264,대흥,0.469923317,12,48.19061198,144,875,16,37.54911097024566,126.94724183833814
마포구,동교동,0.581890452,0.883120722,0.583575014,0.494865264,홍대입구,0.163303996,12,48.19061198,144,875,16,37.55759506105903,126.92515421142188
마포구,성산동,0.598220111,0.735368056,0.583575014,0.494865264,마포구청,0.264844803,12,48.19061198,144,875,16,37.565658522762895,126.90469340441638
마포구,구수동,0.605133261,0.804727649,0.583575014,0.494865264,광흥창,0.206889889,12,48.19061198,144,875,16,37.54565088745781,126.93251469461444
마포구,서교동,0.592774061,0.735361366,0.583575014,0.494865264,홍대입구,0.546830849,12,48.19061198,144,875,16,37.55378241202863,126.91870098132308
마포구,망원동,0.601839428,0.595700976,0.583575014,0.494865264,망원,0.903215479,12,48.19061198,144,875,16,37.55547774550488,126.89993061503338
마포구,신공덕동,0.600010137,0.782450475,0.583575014,0.494865264,공덕,0.3828533,12,48.19061198,144,875,16,37.54413095214068,126.9559430051888
마포구,마포동,0.480884752,0.808260968,0.583575014,0.494865264,마포,0.346380716,12,48.19061198,144,875,16,37.53713454336611,126.94384419707346
마포구,상수동,0.583278559,0.798716482,0.583575014,0.494865264,상수,0.179809494,12,48.19061198,144,875,16,37.54667073471409,126.92448718442792
마포구,신수동,0.605234763,0.723735534,0.583575014,0.494865264,광흥창,0.445253085,12,48.19061198,144,875,16,37.548573027076365,126.9368132217769
마포구,용강동,0.581897537,0.744276733,0.583575014,0.494865264,마포,0.532293242,12,48.19061198,144,875,16,37.54151162470934,126.94045711238728
마포구,창전동,0.609848932,0.797060565,0.583575014,0.494865264,광흥창,0.351786664,12,48.19061198,144,875,16,37.55025553575452,126.93008550695392
영등포구,여의도동,0.575931011,0.73149875,0.580280482,0.53430016,여의나루,0.412231878,19,46.84467277,108,910,27,37.528505017402026,126.92846724526062
영등포구,양화동,0.613681828,0.66724919,0.580280482,0.53430016,당산,1.934985456,19,46.84467277,108,910,27,37.547969415452656,126.88912066240258
영등포구,영등포동4가,0.587060054,0.74432805,0.580280482,0.53430016,영등포시장,0.557863279,19,46.84467277,108,910,27,37.51789070521175,126.9035777506832
영등포구,영등포동,0.621774899,0.763506923,0.580280482,0.53430016,신길,0.823916318,19,46.84467277,108,910,27,37.51378575789049,126.906913336291
영등포구,영등포동2가,0.593742144,0.686559042,0.580280482,0.53430016,신길,0.407415868,19,46.84467277,108,910,27,37.52060986384021,126.9121946569218
영등포구,문래동1가,0.722124488,0.661468403,0.580280482,0.53430016,신도림,0.643877942,19,46.84467277,108,910,27,37.512282880022255,126.89706024183296
영등포구,양평동2가,0.600804728,0.767220472,0.580280482,0.53430016,양평,0.323488979,19,46.84467277,108,910,27,37.523427081856354,126.88375778661025
영등포구,양평동6가,0.617559573,0.669561561,0.580280482,0.53430016,당산,1.467602731,19,46.84467277,108,910,27,37.54263764470636,126.88957279809102
영등포구,문래동2가,0.594499438,0.736665975,0.580280482,0.53430016,신도림,0.469977787,19,46.84467277,108,910,27,37.51277804900092,126.89309467902356
영등포구,신길동,0.628218778,0.661983981,0.580280482,0.53430016,신풍,0.7420409,19,46.84467277,108,910,27,37.50606468915433,126.91361450855412
영등포구,도림동,0.616495407,0.655722329,0.580280482,0.53430016,신도림,0.824649751,19,46.84467277,108,910,27,37.50910119673992,126.9005421254928
영등포구,문래동4가,0.620374456,0.674131013,0.580280482,0.53430016,문래,0.583275099,19,46.84467277,108,910,27,37.51446765743246,126.88987299588771
영등포구,양평동,0.613681828,0.576117462,0.580280482,0.53430016,양평,0.810091821,19,46.84467277,108,910,27,37.53288742780703,126.88694261691757
영등포구,양평동3가,0.610806734,0.700701261,0.580280482,0.53430016,양평,0.574134356,19,46.84467277,108,910,27,37.52903612039543,126.89104783891572
영등포구,영등포동1가,0.606756448,0.7060912,0.580280482,0.53430016,신길,0.178505757,19,46.84467277,108,910,27,37.51762640480135,126.91286681541771
영등포구,대림동,0.620896481,0.743695241,0.580280482,0.53430016,대림,0.387621077,19,46.84467277,108,910,27,37.49542765225924,126.90012861294208
영등포구,문래동6가,0.652672905,0.706593386,0.580280482,0.53430016,도림천,0.598873364,19,46.84467277,108,910,27,37.51989723868847,126.88465421054174
영등포구,양평동1가,0.613243504,0.767430469,0.580280482,0.53430016,양평,0.349360634,19,46.84467277,108,910,27,37.523190213939166,126.88869864154036
영등포구,영등포동8가,0.592094269,0.709788098,0.580280482,0.53430016,영등포시장,0.615014991,19,46.84467277,108,910,27,37.52829998691937,126.90529438238916
영등포구,영등포동6가,0.618780908,0.779031923,0.580280482,0.53430016,영등포시장,0.221617878,19,46.84467277,108,910,27,37.52163220855908,126.903074152373
영등포구,영등포동3가,0.585238128,0.762897953,0.580280482,0.53430016,영등포시장,0.555405582,19,46.84467277,108,910,27,37.51826291101207,126.90789892609168
영등포구,영등포동7가,0.602683063,0.782086629,0.580280482,0.53430016,영등포시장,0.24380323,19,46.84467277,108,910,27,37.52429191159262,126.90711968768368
영등포구,양평동5가,0.609367762,0.773164433,0.580280482,0.53430016,당산,1.02783976,19,46.84467277,108,910,27,37.53936668416757,126.8926450672792
영등포구,문래동3가,0.629338951,0.834638911,0.580280482,0.53430016,문래,0.116094708,19,46.84467277,108,910,27,37.51727018122584,126.89571524196997
영등포구,당산동5가,0.62826185,0.808236889,0.580280482,0.53430016,당산,0.21117953,19,46.84467277,108,910,27,37.53208722075285,126.90120005083904
영등포구,양평동4가,0.597134695,0.768017787,0.580280482,0.53430016,당산,0.584449477,19,46.84467277,108,910,27,37.5363178546782,126.89615165775852
영등포구,당산동,0.603736309,0.774398965,0.580280482,0.53430016,당산,0.33348432,19,46.84467277,108,910,27,37.53642477498877,126.90401116184462
영등포구,영등포동5가,0.592923636,0.761803368,0.580280482,0.53430016,영등포시장,0.231183548,19,46.84467277,108,910,27,37.52107507648445,126.90668058781242
영등포구,당산동2가,0.638282628,0.716357713,0.580280482,0.53430016,영등포구청,0.224062494,19,46.84467277,108,910,27,37.52248373391698,126.89370574536866
영등포구,당산동3가,0.604850317,0.854030051,0.580280482,0.53430016,영등포구청,0.044306081,19,46.84467277,108,910,27,37.52586212684356,126.8971134796921
영등포구,당산동1가,0.608469119,0.710540399,0.580280482,0.53430016,영등포구청,0.416798581,19,46.84467277,108,910,27,37.52168456726168,126.8985127584316
영등포구,당산동4가,0.605574878,0.755602085,0.580280482,0.53430016,영등포구청,0.42557029,19,46.84467277,108,910,27,37.52903856249191,126.8991360062771
영등포구,문래동5가,0.639835993,0.764956916,0.580280482,0.53430016,도림천,0.241239995,19,46.84467277,108,910,27,37.51668291829425,126.88385576640164
영등포구,당산동6가,0.600208011,0.830803358,0.580280482,0.53430016,당산,0.116044605,19,46.84467277,108,910,27,37.53466062313293,126.90288021217704
강남구,일원동,0.59398301,0.714336114,0.518254292,0.615384866,일원,0.471329373,0,49.59270041,165,3506,32,37.48800861030364,127.0828609095182
강남구,역삼동,0.553196737,0.784992987,0.518254292,0.615384866,역삼,0.198113129,0,49.59270041,165,3506,32,37.5000784818247,127.0385491022166
강남구,자곡동,0.63938065,0.403386721,0.518254292,0.615384866,수서,1.250298449,0,49.59270041,165,3506,32,37.47626839144495,127.100351463727
강남구,율현동,0.616511438,0.389778878,0.518254292,0.615384866,복정,1.298368962,0,49.59270041,165,3506,32,37.47081182265128,127.1120707215691
강남구,세곡동,0.632799966,0.269020768,0.518254292,0.615384866,복정,2.093662948,0,49.59270041,165,3506,32,37.46436923726603,127.10459683323197
강남구,논현동,0.553605142,0.823264703,0.518254292,0.615384866,학동,0.064723277,0,49.59270041,165,3506,32,37.513679191379545,127.0317126149026
강남구,수서동,0.561560903,0.750025878,0.518254292,0.615384866,수서,0.445684407,0,49.59270041,165,3506,32,37.48587612609492,127.09671897778496
강남구,압구정동,0.58943408,0.638311473,0.518254292,0.615384866,압구정,0.506885392,0,49.59270041,165,3506,32,37.530736009850365,127.02847906553076
강남구,개포동,0.552799244,0.628665059,0.518254292,0.615384866,도곡,1.350181724,0,49.59270041,165,3506,32,37.48027664283007,127.06259251827927
강남구,신사동,0.625210584,0.737473662,0.518254292,0.615384866,새절,0.752380982,0,49.59270041,165,3506,32,37.59561354732575,126.90720337486314
강남구,신사동,0.625210584,0.737473662,0.518254292,0.615384866,새절,0.752380982,0,49.59270041,165,3506,32,37.523806395144106,127.02650228132532
강남구,신사동,0.625210584,0.737473662,0.518254292,0.615384866,압구정,0.316236824,0,49.59270041,165,3506,32,37.59561354732575,126.90720337486314
강남구,신사동,0.625210584,0.737473662,0.518254292,0.615384866,압구정,0.316236824,0,49.59270041,165,3506,32,37.523806395144106,127.02650228132532
강남구,대치동,0.566552803,0.717306751,0.518254292,0.615384866,대치,0.509393637,0,49.59270041,165,3506,32,37.49918994620766,127.06334668013976
강남구,도곡동,0.571162811,0.751973579,0.518254292,0.615384866,매봉,0.218700611,0,49.59270041,165,3506,32,37.488595848849975,127.04527700737424
강남구,청담동,0.508072202,0.678496173,0.518254292,0.615384866,청담,0.600613582,0,49.59270041,165,3506,32,37.52439588045053,127.05047182305036
강남구,삼성동,0.530513928,0.75843795,0.518254292,0.615384866,청담,0.683000639,0,49.59270041,165,3506,32,37.51396894430268,127.05612186424165
용산구,용산동1가,0.571756316,0.641742534,0.513245034,0.556583969,삼각지,0.561801777,20,45.19438857,107,367,15,37.54001216106631,126.97702741126795
용산구,한남동,0.382327669,0.72218267,0.513245034,0.556583969,한강진,0.378240975,20,45.19438857,107,367,15,37.53754287423753,127.0051785362498
용산구,용산동5가,0.369331873,0.662668443,0.513245034,0.556583969,이촌,0.416380244,20,45.19438857,107,367,15,37.52614748160414,126.97457512109466
용산구,서빙고동,0.638173877,0.724554839,0.513245034,0.556583969,이촌,1.64585203,20,45.19438857,107,367,15,37.518621722692615,126.99131145981544
용산구,청암동,0.703442427,0.696735234,0.513245034,0.556583969,마포,0.581625638,20,45.19438857,107,367,15,37.53450124425271,126.94666808442535
용산구,보광동,0.603952106,0.639557199,0.513245034,0.556583969,이태원,1.025141502,20,45.19438857,107,367,15,37.52687187330631,127.00093627498867
용산구,한강로3가,0.505075514,0.712097329,0.513245034,0.556583969,신용산,0.589389998,20,45.19438857,107,367,15,37.527668359499096,126.96219167717707
용산구,원효로2가,0.584744338,0.781497528,0.513245034,0.556583969,효창공원앞,0.374820839,20,45.19438857,107,367,15,37.53629745565883,126.96333970253264
용산구,원효로4가,0.567538308,0.613916288,0.513245034,0.556583969,마포,0.896315567,20,45.19438857,107,367,15,37.53255076188635,126.95071628533032
용산구,용산동3가,0.605186557,0.663004038,0.513245034,0.556583969,삼각지,0.475592205,20,45.19438857,107,367,15,37.53186151588295,126.9769390373852
용산구,용산동6가,0.571756316,0.741968592,0.513245034,0.556583969,이촌,1.102082067,20,45.19438857,107,367,15,37.518640923058136,126.9848235362967
용산구,산천동,0.604755199,0.713243988,0.513245034,0.556583969,마포,0.669150628,20,45.19438857,107,367,15,37.53548579693864,126.95143526714
용산구,이태원동,0.56753462,0.697523606,0.513245034,0.556583969,이태원,0.475626439,20,45.19438857,107,367,15,37.5385103092693,126.99252276089344
용산구,신창동,0.575161783,0.734322427,0.513245034,0.556583969,효창공원앞,0.684326712,20,45.19438857,107,367,15,37.53577368163098,126.95497810433253
용산구,효창동,0.611636851,0.78005907,0.513245034,0.556583969,효창공원앞,0.394909473,20,45.19438857,107,367,15,37.54282445501754,126.96097111153978
용산구,문배동,0.585718326,0.773866087,0.513245034,0.556583969,삼각지,0.415640943,20,45.19438857,107,367,15,37.537108706645945,126.96941984452182
용산구,동자동,0.52493153,0.816356334,0.513245034,0.556583969,서울,0.120006021,20,45.19438857,107,367,15,37.55207178402917,126.9724312987952
용산구,갈월동,0.576802244,0.847286951,0.513245034,0.556583969,숙대입구,0.048167474,20,45.19438857,107,367,15,37.54540650353777,126.9723657626296
용산구,청파동2가,0.577616261,0.723072027,0.513245034,0.556583969,숙대입구,0.514004862,20,45.19438857,107,367,15,37.54600825236294,126.96624260789017
용산구,청파동3가,0.574493253,0.708814662,0.513245034,0.556583969,숙대입구,0.475360668,20,45.19438857,107,367,15,37.543255888556445,126.96711162149798
용산구,이촌동,0.559327136,0.531463174,0.513245034,0.556583969,이촌,0.824779819,20,45.19438857,107,367,15,37.51745293030457,126.96653116682918
용산구,한강로1가,0.56128197,0.814301405,0.513245034,0.556583969,삼각지,0.103328229,20,45.19438857,107,367,15,37.536077563925126,126.97302170602973
용산구,동빙고동,0.562757787,0.593429274,0.513245034,0.556583969,이태원,1.11457404,20,45.19438857,107,367,15,37.524461711987264,126.9951451613138
용산구,남영동,0.447816455,0.779712602,0.513245034,0.556583969,숙대입구,0.280297986,20,45.19438857,107,367,15,37.542861822958045,126.97336208529394
용산구,도원동,0.623984344,0.78016386,0.513245034,0.556583969,효창공원앞,0.472900081,20,45.19438857,107,367,15,37.53872763803865,126.95604219512126
용산구,주성동,0.622368164,0.487067596,0.513245034,0.556583969,잠원,1.392087007,20,45.19438857,107,367,15,37.52130229152454,126.9998219061549
용산구,서계동,0.576617901,0.718053034,0.513245034,0.556583969,서울,0.518293961,20,45.19438857,107,367,15,37.55216608567837,126.9667991830027
용산구,용산동2가,0.590869678,0.563625905,0.513245034,0.556583969,녹사평,0.921046228,20,45.19438857,107,367,15,37.54288639282171,126.98501920291469
용산구,후암동,0.594017006,0.630323984,0.513245034,0.556583969,서울,0.777926628,20,45.19438857,107,367,15,37.54990200463639,126.98062280400455
용산구,원효로3가,0.569762103,0.698623684,0.513245034,0.556583969,효창공원앞,0.639021575,20,45.19438857,107,367,15,37.534327058493695,126.95765934238136
용산구,원효로1가,0.602624767,0.773405697,0.513245034,0.556583969,효창공원앞,0.544606516,20,45.19438857,107,367,15,37.53998055560049,126.96744688578048
용산구,청파동1가,0.592391625,0.682542267,0.513245034,0.556583969,숙대입구,0.568083376,20,45.19438857,107,367,15,37.54879204092287,126.96746847774132
용산구,한강로2가,0.654013431,0.765658119,0.513245034,0.556583969,신용산,0.260979325,20,45.19438857,107,367,15,37.53154138225792,126.96859833379388
용산구,용산동4가,0.571756316,0.610147358,0.513245034,0.556583969,녹사평,0.478909254,20,45.19438857,107,367,15,37.5305363461728,126.98518228234003
용산구,신계동,0.564158678,0.69264802,0.513245034,0.556583969,효창공원앞,0.599945507,20,45.19438857,107,367,15,37.5351805076655,126.9657739634149
용산구,용문동,0.591390815,0.842410084,0.513245034,0.556583969,효창공원앞,0.231885971,20,45.19438857,107,367,15,37.53765917354372,126.95969086222306
종로구,인사동,0.590419859,0.795834625,0.32733628,0.427069356,종각,0.310586223,22,47.44102164,106,561,13,37.57171567659725,126.98607381624028
종로구,옥인동,0.642455518,0.480219535,0.32733628,0.427069356,독립문,1.11153575,22,47.44102164,106,561,13,37.58353850992198,126.96341002234254
종로구,신영동,0.628655581,0.259613977,0.32733628,0.427069356,홍제,2.181205906,22,47.44102164,106,561,13,37.60252004042928,126.96183777810842
종로구,중학동,0.590419859,0.745539104,0.32733628,0.427069356,안국,0.530112212,22,47.44102164,106,561,13,37.57531294862112,126.97967773426976
종로구,종로4가,0.590419859,0.780800407,0.32733628,0.427069356,종로5가,0.350243381,22,47.44102164,106,561,13,37.57067200788285,126.99795319890852
종로구,평창동,0.638375735,0.02354946,0.32733628,0.427069356,녹번,3.677060771,22,47.44102164,106,561,13,37.61302984781619,126.97450076093854
종로구,종로6가,0.728752975,0.837051485,0.32733628,0.427069356,동대문,0.195291615,22,47.44102164,106,561,13,37.57194723048031,127.00768520264606
종로구,창성동,0.546721005,0.692501071,0.32733628,0.427069356,경복궁,0.53243997,22,47.44102164,106,561,13,37.58056045449507,126.97247438195076
종로구,동숭동,0.607421136,0.719494272,0.32733628,0.427069356,혜화,0.286702631,22,47.44102164,106,561,13,37.58140396316978,127.00487910630822
종로구,청운동,0.588711293,0.377924592,0.32733628,0.427069356,경복궁,1.529791672,22,47.44102164,106,561,13,37.58920547690369,126.96932393006507
종로구,인의동,0.605613368,0.784041664,0.32733628,0.427069356,종로5가,0.401694892,22,47.44102164,106,561,13,37.57234352552833,126.99769255454868
종로구,사직동,0.577323799,0.669250238,0.32733628,0.427069356,경복궁,0.674723246,22,47.44102164,106,561,13,37.57541167086775,126.96595720947008
종로구,예지동,0.590419859,0.827170852,0.32733628,0.427069356,을지로4가,0.336255831,22,47.44102164,106,561,13,37.56963701924337,126.998308298992
종로구,무악동,0.643941386,0.716053307,0.32733628,0.427069356,독립문,0.292135273,22,47.44102164,106,561,13,37.57710997761824,126.95858141691302
종로구,삼청동,0.685549698,0.327012299,0.32733628,0.427069356,안국,1.623754587,22,47.44102164,106,561,13,37.59075479867006,126.981009791508
종로구,장사동,0.590419859,0.787588312,0.32733628,0.427069356,종로3가,0.21709626,22,47.44102164,106,561,13,37.56923759965758,126.99404398205236
종로구,부암동,0.59421071,0.290872785,0.32733628,0.427069356,무악재,1.915592712,22,47.44102164,106,561,13,37.59476332264289,126.9655907329962
종로구,묘동,0.590419859,0.872249472,0.32733628,0.427069356,종로3가,0.109318363,22,47.44102164,106,561,13,37.57243597562096,126.9917426411452
종로구,원서동,0.600808821,0.607238654,0.32733628,0.427069356,안국,0.853578459,22,47.44102164,106,561,13,37.58392439098186,126.98826327342336
종로구,청진동,0.590419859,0.792142453,0.32733628,0.427069356,종각,0.294128439,22,47.44102164,106,561,13,37.57145108777341,126.98017892699336
종로구,신교동,0.614761401,0.475934802,0.32733628,0.427069356,경복궁,1.082605943,22,47.44102164,106,561,13,37.58450634824264,126.96794150942114
종로구,종로5가,0.564737053,0.85019841,0.32733628,0.427069356,종로5가,0.149585579,22,47.44102164,106,561,13,37.57061740559973,127.00353394409336
종로구,종로2가,0.590419859,0.796226771,0.32733628,0.427069356,종각,0.338539518,22,47.44102164,106,561,13,37.57045829017055,126.98693468220708
종로구,효제동,0.580329166,0.81274574,0.32733628,0.427069356,종로5가,0.253499553,22,47.44102164,106,561,13,37.57305001268959,127.00308821560584
종로구,평동,0.539219398,0.800060634,0.32733628,0.427069356,서대문,0.234380257,22,47.44102164,106,561,13,37.56791634970638,126.96686100290772
종로구,효자동,0.586637755,0.623403824,0.32733628,0.427069356,경복궁,0.770790759,22,47.44102164,106,561,13,37.58266755713245,126.97195272961606
종로구,궁정동,0.638625372,0.569042071,0.32733628,0.427069356,경복궁,0.985685874,22,47.44102164,106,561,13,37.58469795768911,126.97270632962532
종로구,봉익동,0.590419859,0.820946768,0.32733628,0.427069356,종로3가,0.17184504,22,47.44102164,106,561,13,37.57219470294165,126.99299802706103
종로구,세종로,0.590419859,0.644711809,0.32733628,0.427069356,경복궁,0.57063999,22,47.44102164,106,561,13,37.58030431133402,126.97678922428116
종로구,팔판동,0.600605856,0.625189294,0.32733628,0.427069356,안국,0.809052971,22,47.44102164,106,561,13,37.582797616701264,126.98072611833456
종로구,와룡동,0.590419859,0.589650291,0.32733628,0.427069356,혜화,0.814634449,22,47.44102164,106,561,13,37.58171466934492,126.99255004260522
종로구,돈의동,0.590419859,0.850395841,0.32733628,0.427069356,종로3가,0.065974278,22,47.44102164,106,561,13,37.57198186784572,126.99074167631969
종로구,누상동,0.629038853,0.588044867,0.32733628,0.427069356,독립문,0.778525174,22,47.44102164,106,561,13,37.58039871466552,126.96273699853734
종로구,명륜3가,0.581845019,0.537843288,0.32733628,0.427069356,혜화,1.018687848,22,47.44102164,106,561,13,37.58822124492841,126.99314721559496
종로구,관수동,0.542204422,0.807336143,0.32733628,0.427069356,종로3가,0.207380632,22,47.44102164,106,561,13,37.569076538680775,126.99047530336516
종로구,공평동,0.590419859,0.842299964,0.32733628,0.427069356,종각,0.122605176,22,47.44102164,106,561,13,37.57130655192449,126.9831783390236
종로구,종로3가,0.590419859,0.835302657,0.32733628,0.427069356,종로3가,0.022940325,22,47.44102164,106,561,13,37.570408467872696,126.99235339092655
종로구,서린동,0.590419859,0.81843732,0.32733628,0.427069356,종각,0.24982054,22,47.44102164,106,561,13,37.56952203678621,126.98042066835876
종로구,계동,0.625968812,0.66416607,0.32733628,0.427069356,안국,0.655428497,22,47.44102164,106,561,13,37.58235196186967,126.98692978389504
종로구,견지동,0.443842073,0.79019092,0.32733628,0.427069356,종각,0.368551856,22,47.44102164,106,561,13,37.57352261712124,126.98301274621817
종로구,교남동,0.590419859,0.782743114,0.32733628,0.427069356,서대문,0.359115099,22,47.44102164,106,561,13,37.56854772008147,126.96446848268393
종로구,종로1가,0.547568314,0.813038246,0.32733628,0.427069356,광화문,0.278297366,22,47.44102164,106,561,13,37.570433362326746,126.97971509426422
종로구,홍지동,0.623441759,0.377440029,0.32733628,0.427069356,홍제,1.724115618,22,47.44102164,106,561,13,37.60085597804262,126.95648176073404
종로구,관철동,0.687267195,0.793796894,0.32733628,0.427069356,종각,0.281802993,22,47.44102164,106,561,13,37.56912546633389,126.9860043612286
종로구,신문로1가,0.590419859,0.803335566,0.32733628,0.427069356,광화문,0.237051592,22,47.44102164,106,561,13,37.57019017837756,126.97392195973624
종로구,연지동,0.594159241,0.756418267,0.32733628,0.427069356,종로5가,0.344539786,22,47.44102164,106,561,13,37.573752557314286,127.00016841650611
종로구,교북동,0.514991108,0.743233979,0.32733628,0.427069356,독립문,0.457340445,22,47.44102164,106,561,13,37.57153892484584,126.9614575988506
종로구,적선동,0.590419859,0.806567137,0.32733628,0.427069356,경복궁,0.061039962,22,47.44102164,106,561,13,37.57532129010676,126.97379083802414
종로구,행촌동,0.615093148,0.735671481,0.32733628,0.427069356,독립문,0.428057654,22,47.44102164,106,561,13,37.57368014502877,126.96262743600748
종로구,당주동,0.626697419,0.771828172,0.32733628,0.427069356,광화문,0.253638418,22,47.44102164,106,561,13,37.571588284336826,126.97401354348462
종로구,수송동,0.571957784,0.721025304,0.32733628,0.427069356,종각,0.445118457,22,47.44102164,106,561,13,37.57369824849921,126.98064528749109
종로구,숭인동,0.599666973,0.767231467,0.32733628,0.427069356,동묘앞,0.337541604,22,47.44102164,106,561,13,37.57557416121877,127.01894557470852
종로구,익선동,0.568729778,0.794514924,0.32733628,0.427069356,종로3가,0.210529564,22,47.44102164,106,561,13,37.57434877269524,126.98970573642822
종로구,명륜2가,0.578426207,0.721228888,0.32733628,0.427069356,혜화,0.374004072,22,47.44102164,106,561,13,37.58470008268209,126.99904128941604
종로구,연건동,0.603292173,0.745787359,0.32733628,0.427069356,혜화,0.420371685,22,47.44102164,106,561,13,37.578703463199886,126.99969436647956
종로구,도렴동,0.590419859,0.731303247,0.32733628,0.427069356,경복궁,0.319541355,22,47.44102164,106,561,13,37.57312324668336,126.97475892130228
종로구,내자동,0.708463006,0.805878628,0.32733628,0.427069356,경복궁,0.172344311,22,47.44102164,106,561,13,37.57531367232253,126.97174230665335
종로구,필운동,0.604578158,0.711967603,0.32733628,0.427069356,경복궁,0.50619384,22,47.44102164,106,561,13,37.57729943509908,126.96814523317173
종로구,운니동,0.58005474,0.782468655,0.32733628,0.427069356,안국,0.245339243,22,47.44102164,106,561,13,37.57638911609966,126.98823885976977
종로구,혜화동,0.592843024,0.703572018,0.32733628,0.427069356,한성대입구,0.44574192,22,47.44102164,106,561,13,37.58781307966232,127.00175472243188
종로구,소격동,0.590419859,0.703151737,0.32733628,0.427069356,안국,0.525290062,22,47.44102164,106,561,13,37.57962289099011,126.98093437866244
종로구,통의동,0.672979647,0.772166504,0.32733628,0.427069356,경복궁,0.255611982,22,47.44102164,106,561,13,37.578077413831,126.97286980979813
종로구,송월동,0.590419859,0.731791595,0.32733628,0.427069356,서대문,0.490100414,22,47.44102164,106,561,13,37.57008050116036,126.9652181872059
종로구,권농동,0.617510121,0.735746668,0.32733628,0.427069356,종로3가,0.452679439,22,47.44102164,106,561,13,37.57650589767634,126.9916743910255
종로구,체부동,0.591226069,0.746597157,0.32733628,0.427069356,경복궁,0.307755594,22,47.44102164,106,561,13,37.577593504347405,126.9708730261261
종로구,원남동,0.580951654,0.704381477,0.32733628,0.427069356,종로5가,0.638864669,22,47.44102164,106,561,13,37.57556173158455,126.99753716750132
종로구,경운동,0.569645756,0.825256373,0.32733628,0.427069356,안국,0.172768657,22,47.44102164,106,561,13,37.57520168293945,126.98642079449964
종로구,화동,0.558795567,0.684727791,0.32733628,0.427069356,안국,0.518265446,22,47.44102164,106,561,13,37.5806915172636,126.98273106712038
종로구,충신동,0.60435768,0.73757547,0.32733628,0.427069356,동대문,0.549006266,22,47.44102164,106,561,13,37.57495880238596,127.00596200517836
종로구,창신동,0.61299647,0.695374907,0.32733628,0.427069356,동대문,0.41241353,22,47.44102164,106,561,13,37.57540774710774,127.0124485406766
종로구,가회동,0.54788598,0.675746535,0.32733628,0.427069356,안국,0.681680913,22,47.44102164,106,561,13,37.58268350404485,126.98484153609805
종로구,송현동,0.590419859,0.758297001,0.32733628,0.427069356,안국,0.31865748,22,47.44102164,106,561,13,37.57677744331036,126.98187279363874
종로구,홍파동,0.543479811,0.690772634,0.32733628,0.427069356,서대문,0.637228309,22,47.44102164,106,561,13,37.57115083882257,126.96398569416796
종로구,낙원동,0.588852282,0.802961024,0.32733628,0.427069356,종로3가,0.161136118,22,47.44102164,106,561,13,37.57257268472413,126.98862325939244
종로구,훈정동,0.590419859,0.718634166,0.32733628,0.427069356,종로3가,0.388989184,22,47.44102164,106,561,13,37.57438435974659,126.99419600272876
종로구,통인동,0.666853434,0.690943115,0.32733628,0.427069356,경복궁,0.563494667,22,47.44102164,106,561,13,37.58016137904692,126.97021937807314
종로구,신문로2가,0.521699159,0.666505466,0.32733628,0.427069356,서대문,0.606059771,22,47.44102164,106,561,13,37.57086964386676,126.9692253146136
종로구,사간동,0.629060487,0.725453781,0.32733628,0.427069356,안국,0.454521439,22,47.44102164,106,561,13,37.57726223074823,126.98040032811768
종로구,누하동,0.582641611,0.672105282,0.32733628,0.427069356,경복궁,0.60398943,22,47.44102164,106,561,13,37.5792900548001,126.96828404317836
종로구,구기동,0.683316897,0.027101827,0.32733628,0.427069356,독바위,2.319160968,22,47.44102164,106,561,13,37.61937879786743,126.95927593689753
종로구,이화동,0.597158234,0.642425508,0.32733628,0.427069356,혜화,0.640247153,22,47.44102164,106,561,13,37.57724048865615,127.00563301998764
종로구,안국동,0.594884333,0.794578766,0.32733628,0.427069356,안국,0.187288167,22,47.44102164,106,561,13,37.57740019514426,126.98362984534938
종로구,명륜4가,0.571851847,0.781158593,0.32733628,0.427069356,혜화,0.166327462,22,47.44102164,106,561,13,37.58223245270075,126.99988163753213
종로구,내수동,0.537775927,0.714435576,0.32733628,0.427069356,경복궁,0.31342615,22,47.44102164,106,561,13,37.57332521462765,126.97197170479122
종로구,관훈동,0.590419859,0.777118898,0.32733628,0.427069356,안국,0.275876521,22,47.44102164,106,561,13,37.5741566866367,126.9846825124266
종로구,재동,0.168163316,0.816917402,0.32733628,0.427069356,안국,0.196750325,22,47.44102164,106,561,13,37.57832853629491,126.9852842840526
종로구,명륜1가,0.587317075,0.646496452,0.32733628,0.427069356,한성대입구,0.822205851,22,47.44102164,106,561,13,37.589114328626216,126.99748752590692
중구,필동3가,0.580748861,0.70320487,0.235006876,0.538727747,충무로,0.338112092,23,47.17171978,72,677,54,37.55851627674874,126.9970217937447
중구,태평로2가,0.557224106,0.853031938,0.235006876,0.538727747,시청,0.107727535,23,47.17171978,72,677,54,37.56298805438999,126.97636351862306
중구,소공동,0.557224106,0.78835361,0.235006876,0.538727747,을지로입구,0.307381276,23,47.17171978,72,677,54,37.56407544197573,126.9800647165612
중구,산림동,0.413232356,0.816799585,0.235006876,0.538727747,을지로4가,0.226233497,23,47.17171978,72,677,54,37.56767655466008,126.99593899096764
중구,정동,0.508032244,0.699424611,0.235006876,0.538727747,시청,0.389719474,23,47.17171978,72,677,54,37.56661111819589,126.97314612106818
중구,광희동1가,0.61161128,0.799871551,0.235006876,0.538727747,동대문역사문화공원,0.037898428,23,47.17171978,72,677,54,37.56502343289375,127.00532426661128
중구,인현동1가,0.557224106,0.800230583,0.235006876,0.538727747,을지로3가,0.241791038,23,47.17171978,72,677,54,37.56458805064221,126.99431015129436
중구,저동1가,0.557224106,0.799198607,0.235006876,0.538727747,명동,0.376803604,23,47.17171978,72,677,54,37.56442966671611,126.9878050752853
중구,을지로3가,0.557224106,0.877974105,0.235006876,0.538727747,을지로3가,0.036154612,23,47.17171978,72,677,54,37.56632623885099,126.99220819988578
중구,봉래동1가,0.557224106,0.746377654,0.235006876,0.538727747,시청,0.539364554,23,47.17171978,72,677,54,37.55909998843419,126.97277253841168
중구,남대문로4가,0.557224106,0.803383744,0.235006876,0.538727747,시청,0.327286123,23,47.17171978,72,677,54,37.56060500187789,126.97569996921403
중구,회현동2가,0.524241292,0.779288362,0.235006876,0.538727747,회현,0.315268082,23,47.17171978,72,677,54,37.55876259179265,126.9829341557164
중구,명동1가,0.557224106,0.829373519,0.235006876,0.538727747,을지로입구,0.26382335,23,47.17171978,72,677,54,37.56430295586102,126.98466251549084
중구,명동2가,0.557224106,0.784539502,0.235006876,0.538727747,명동,0.336349524,23,47.17171978,72,677,54,37.562903234956295,126.98525404032031
중구,을지로2가,0.557224106,0.8219658,0.235006876,0.538727747,을지로입구,0.297214428,23,47.17171978,72,677,54,37.56588428515726,126.98593011279088
중구,주교동,0.557224106,0.824475492,0.235006876,0.538727747,을지로4가,0.214860285,23,47.17171978,72,677,54,37.56826954389902,126.9993763268618
중구,회현동1가,0.56272186,0.745166539,0.235006876,0.538727747,회현,0.393494072,23,47.17171978,72,677,54,37.55651034636123,126.98151444549669
중구,다동,0.557224106,0.809058293,0.235006876,0.538727747,을지로입구,0.244801644,23,47.17171978,72,677,54,37.56790939834985,126.98118625279864
중구,회현동3가,0.627127729,0.757729167,0.235006876,0.538727747,명동,0.383393681,23,47.17171978,72,677,54,37.56016837813548,126.98407707239524
중구,남대문로1가,0.557224106,0.849800731,0.235006876,0.538727747,을지로입구,0.177437566,23,47.17171978,72,677,54,37.56757978860182,126.98286040109892
중구,충무로1가,0.557224106,0.770042079,0.235006876,0.538727747,회현,0.307853295,23,47.17171978,72,677,54,37.56116999723631,126.98251818649167
중구,을지로7가,0.557224106,0.841125035,0.235006876,0.538727747,동대문역사문화공원,0.089021424,23,47.17171978,72,677,54,37.56628825917083,127.0096240591072
중구,삼각동,0.557224106,0.811481618,0.235006876,0.538727747,종각,0.254173958,23,47.17171978,72,677,54,37.568097468463854,126.98424758100649
중구,을지로4가,0.452230793,0.872906964,0.235006876,0.538727747,을지로4가,0.036362318,23,47.17171978,72,677,54,37.5664422513786,126.99775356180209
중구,남산동1가,0.728556888,0.747942155,0.235006876,0.538727747,명동,0.375828565,23,47.17171978,72,677,54,37.55934759830076,126.9845976619736
중구,수하동,0.557224106,0.800276455,0.235006876,0.538727747,을지로입구,0.232139107,23,47.17171978,72,677,54,37.5672848187734,126.9846404285333
중구,남창동,0.54922146,0.825401546,0.235006876,0.538727747,회현,0.248467113,23,47.17171978,72,677,54,37.55807990494354,126.9776216359189
중구,필동2가,0.629305879,0.739086055,0.235006876,0.538727747,충무로,0.288505084,23,47.17171978,72,677,54,37.55877231117377,126.99472174348692
중구,황학동,0.594086458,0.658146496,0.235006876,0.538727747,신당,0.339550533,23,47.17171978,72,677,54,37.56854524113229,127.02083853037388
중구,입정동,0.314562795,0.841739042,0.235006876,0.538727747,을지로3가,0.170705477,23,47.17171978,72,677,54,37.56781783662507,126.99292045444402
중구,충무로2가,0.504275573,0.818595288,0.235006876,0.538727747,명동,0.085694619,23,47.17171978,72,677,54,37.56172855409399,126.98779684488645
중구,흥인동,0.559940766,0.723890203,0.235006876,0.538727747,신당,0.12771822,23,47.17171978,72,677,54,37.56731101151626,127.01638060664436
중구,쌍림동,0.601821572,0.790215656,0.235006876,0.538727747,동대문역사문화공원,0.159997526,23,47.17171978,72,677,54,37.56352924225125,127.00424259033016
중구,중림동,0.578171648,0.799689592,0.235006876,0.538727747,충정로,0.194270509,23,47.17171978,72,677,54,37.558836213590425,126.9663364461986
중구,장충동1가,0.56502907,0.758554281,0.235006876,0.538727747,동대입구,0.373851779,23,47.17171978,72,677,54,37.560980143142594,127.00758681253834
중구,순화동,0.462079305,0.741931708,0.235006876,0.538727747,시청,0.41654939,23,47.17171978,72,677,54,37.56257327745462,126.97071337741396
중구,충무로4가,0.605643263,0.834799152,0.235006876,0.538727747,충무로,0.118516144,23,47.17171978,72,677,54,37.56232924328444,126.99583929460714
중구,을지로1가,0.557224106,0.831101633,0.235006876,0.538727747,을지로입구,0.17922841,23,47.17171978,72,677,54,37.56599854041593,126.9805403259448
중구,초동,0.557224106,0.806386943,0.235006876,0.538727747,을지로3가,0.210740108,23,47.17171978,72,677,54,37.56442600460483,126.99222438064784
중구,오장동,0.573487859,0.780389623,0.235006876,0.538727747,을지로4가,0.318320355,23,47.17171978,72,677,54,37.5647350782127,127.00088563366457
중구,신당동,0.602490568,0.793709741,0.235006876,0.538727747,청구,0.256565997,23,47.17171978,72,677,54,37.55791088599765,127.0136700874448
중구,주자동,0.557224106,0.836598228,0.235006876,0.538727747,명동,0.109211909,23,47.17171978,72,677,54,37.560659885897074,126.98940305057184
중구,저동2가,0.58194129,0.763544153,0.235006876,0.538727747,을지로3가,0.287187978,23,47.17171978,72,677,54,37.56423969150637,126.98979326663591
중구,만리동2가,0.613620504,0.692760032,0.235006876,0.538727747,충정로,0.569379321,23,47.17171978,72,677,54,37.55462682196744,126.96396397894914
중구,남대문로3가,0.557224106,0.812927537,0.235006876,0.538727747,회현,0.222261449,23,47.17171978,72,677,54,37.56170045645757,126.97959162658088
중구,충무로5가,0.587091985,0.790077585,0.235006876,0.538727747,충무로,0.406094132,23,47.17171978,72,677,54,37.56284331864012,126.9996415934898
중구,남학동,0.639996387,0.807210987,0.235006876,0.538727747,명동,0.232202072,23,47.17171978,72,677,54,37.56057518427283,126.99082904730372
중구,남대문로5가,0.40409536,0.770230371,0.235006876,0.538727747,서울,0.391740874,23,47.17171978,72,677,54,37.55610014780986,126.97531141271912
중구,의주로2가,0.557224106,0.74236826,0.235006876,0.538727747,충정로,0.469649351,23,47.17171978,72,677,54,37.56073659742864,126.96962160333608
중구,무교동,0.557224106,0.789068375,0.235006876,0.538727747,용답,0.21855724,23,47.17171978,72,677,54,37.56815708513798,126.97900918437274
중구,의주로1가,0.535379235,0.802181188,0.235006876,0.538727747,서대문,0.248502522,23,47.17171978,72,677,54,37.56411652117547,126.96847607775068
중구,장충동2가,0.605592615,0.640022346,0.235006876,0.538727747,동대입구,0.54278173,23,47.17171978,72,677,54,37.55499492549845,127.00059008941837
중구,을지로6가,0.558781731,0.780064563,0.235006876,0.538727747,동대문역사문화공원,0.307127629,23,47.17171978,72,677,54,37.5677831283914,127.00688420648434
중구,을지로5가,0.585136108,0.783702146,0.235006876,0.538727747,동대문역사문화공원,0.34717613,23,47.17171978,72,677,54,37.56672535627629,127.0023546565029
중구,장교동,0.557224106,0.762743644,0.235006876,0.538727747,을지로입구,0.422093639,23,47.17171978,72,677,54,37.56744983380499,126.98698484890603
중구,태평로1가,0.557224106,0.833532813,0.235006876,0.538727747,용답,0.156231672,23,47.17171978,72,677,54,37.56773133785968,126.97724652197316
중구,필동1가,0.561881156,0.812597853,0.235006876,0.538727747,충무로,0.266683166,23,47.17171978,72,677,54,37.56108823449289,126.99246659377634
중구,남산동2가,0.531176571,0.745773845,0.235006876,0.538727747,명동,0.350568702,23,47.17171978,72,677,54,37.55859159070401,126.9857875882458
중구,충무로3가,0.562883979,0.766181918,0.235006876,0.538727747,명동,0.34072764,23,47.17171978,72,677,54,37.56238682969269,126.9917456460838
중구,예관동,0.557224106,0.812964563,0.235006876,0.538727747,을지로4가,0.258251887,23,47.17171978,72,677,54,37.5642540617361,126.99820834849086
중구,봉래동2가,0.557224106,0.802529269,0.235006876,0.538727747,서울,0.401980229,23,47.17171978,72,677,54,37.55655631633476,126.97098711303182
중구,서소문동,0.557224106,0.840678349,0.235006876,0.538727747,시청,0.127099879,23,47.17171978,72,677,54,37.56314190697075,126.97391936720122
중구,북창동,0.595595151,0.78446918,0.235006876,0.538727747,시청,0.277538961,23,47.17171978,72,677,54,37.56245260413046,126.9782045649728
중구,남산동3가,0.557224106,0.815321127,0.235006876,0.538727747,명동,0.125246493,23,47.17171978,72,677,54,37.56015397179411,126.98741755191344
중구,예장동,0.511094466,0.620561149,0.235006876,0.538727747,명동,0.667658236,23,47.17171978,72,677,54,37.55522169442965,126.99011703824397
중구,광희동2가,0.573912833,0.845332675,0.235006876,0.538727747,동대문역사문화공원,0.143989844,23,47.17171978,72,677,54,37.56394530004819,127.0084282534614
중구,묵정동,0.530375102,0.750652403,0.235006876,0.538727747,충무로,0.44972197,23,47.17171978,72,677,54,37.56134647470108,127.00056274772628
중구,만리동1가,0.620660578,0.763527249,0.235006876,0.538727747,충정로,0.470471272,23,47.17171978,72,677,54,37.55616563056036,126.96731339372204
중구,충정로1가,0.557224106,0.828750236,0.235006876,0.538727747,서대문,0.16512767,23,47.17171978,72,677,54,37.566526166129655,126.96827866166338
중구,수표동,0.557224106,0.794086621,0.235006876,0.538727747,을지로3가,0.238315667,23,47.17171978,72,677,54,37.56746731823906,126.98951547635104
중구,남대문로2가,0.557224106,0.820131445,0.235006876,0.538727747,을지로입구,0.2302241,23,47.17171978,72,677,54,37.56395498494259,126.98211805482096
중구,무학동,0.567625259,0.7537536,0.235006876,0.538727747,신당,0.214051831,23,47.17171978,72,677,54,37.56437425024214,127.01528728292904
중구,인현동2가,0.536497753,0.761860387,0.235006876,0.538727747,을지로4가,0.316460668,23,47.17171978,72,677,54,37.56420423242152,126.99614639755572
중구,방산동,0.557224106,0.855413113,0.235006876,0.538727747,종로5가,0.266712221,23,47.17171978,72,677,54,37.56872703542663,127.00298026059755
